id,name,description,price,stock_quantity,category,image_url,created_at,updated_at
27,Dasylirion glaucophylum,,38.0,,Dasylirions,https://www.atypic-cactus.com/wp-content/uploads/2014/07/IMG_3158.jpg,2025-06-06T08:12:49.074111,2025-06-06T08:12:49.074111
39,Opuntia Robusta,Opuntia Robusta- Bouture\n\nQuantité minimale commande 2/4/10,,,Boutures,https://www.atypic-cactus.com/wp-content/uploads/2014/07/IMG_E3739.jpg,2025-06-06T08:12:49.074111,2025-06-06T08:12:49.074111
55,Aloe Striatula,"Aloe Striatula, originaire d'Afrique du Sud, très résistant au gel -10°, c'est un arbuste succulent ramifié aux rosettes de feuilles persistantes de couleur vertes. Floraison abondante en épis de fleurs vertes et jaunes, de 20 à 40 cm de haut, en été. Taille maximale 1m60, très adapté pour des haies et aménagement urbain.\nDifférentes tailles sont proposées, veuillez nous consulter pour les prix en gros.",48.0,,"Agaves et aloes, Agaves et aloes > Aloes","https://www.atypic-cactus.com/wp-content/uploads/2014/07/IMG_E4571.jpg, https://www.atypic-cactus.com/wp-content/uploads/2014/07/IMG_E4232-1.jpg, https://www.atypic-cactus.com/wp-content/uploads/2014/07/IMG_E4572.jpg",2025-06-06T08:12:49.074111,2025-06-06T08:12:49.074111
59,Yucca Rigida,Yucca Rigida\nPrix: 2.20 le cm de tronc\nDifférentes tailles et ramifications.,225.0,,Yuccas,"https://www.atypic-cactus.com/wp-content/uploads/2014/07/YUCCARIGIDA.jpg, https://www.atypic-cactus.com/wp-content/uploads/2014/04/DSC_0188_012-e1420574701701.jpg, https://www.atypic-cactus.com/wp-content/uploads/2014/04/DSC_0187_011-e1420574731797.jpg",2025-06-06T08:12:49.074111,2025-06-06T08:12:49.074111
66035,Opuntia Indica Nopal,"Bouture de Nopal ou Opuntia Ficus Indica, très bon à consommer, sans traitement chimique",,,Boutures,https://www.atypic-cactus.com/wp-content/uploads/2014/07/DSC_0261.jpg,2025-06-06T08:12:49.074111,2025-06-06T08:12:49.074111
66039,Yucca Elephantipes Jewel,"Yucca elephantipes Jewel\n\nFeuillage persistant, vert sombre panaché de jaune, pied très ramifié\n\nRésistance au froid: -7°",,0.0,Yuccas,"https://www.atypic-cactus.com/wp-content/uploads/2018/04/DSC_0580.jpg, https://www.atypic-cactus.com/wp-content/uploads/2014/07/DSC_0858.jpg",2025-06-06T08:12:49.074111,2025-06-06T08:12:49.074111
66043,Cleistocactus Straussi,Cleistocactus Strausii\n\nQualité exceptionnelle - Multi-bras\n\nVendu en pots,,,"Cactus, Cactus > Cleistocactus","https://www.atypic-cactus.com/wp-content/uploads/2023/09/IMG_5001.jpg, https://www.atypic-cactus.com/wp-content/uploads/2014/07/IMG_E2264.jpg, https://www.atypic-cactus.com/wp-content/uploads/2018/04/DSC_0583.jpg",2025-06-06T08:12:49.074111,2025-06-06T08:12:49.074111
66047,Trichocereus Pasacana,"Trichocereus Pasacana, originaire du nord de l'Argentine, très résistant au froid -15° et à la sècheresse, ce cactus peut atteindre plus de 8 mètres de haut et posséder de nombreuses ramifications. C'est le cactus à avoir dans son jardin.\n\nCultivé en pleine terre, nos trichocereus pasacana ont un diamètre très important.\n\nVendu racine nue",,,"Cactus, Cactus > Trichocereus","https://www.atypic-cactus.com/wp-content/uploads/2014/07/IMG_4296-scaled.jpg, https://www.atypic-cactus.com/wp-content/uploads/2014/06/prod1-e1416316508171.jpg, https://www.atypic-cactus.com/wp-content/uploads/2014/07/IMG_1204_101.jpg",2025-06-06T08:12:49.074111,2025-06-06T08:12:49.074111
66051,Echinocactus Grusonii,"Echinocactus Grusonii ou coussin de belle-mère, qualité exceptionnelle,\n\nDifférentes tailles Diamètre 30-35-40-50-60cm\nRésistant -7°",,,"Cactus, Cactus > Echinocactus, Sujets exceptionnels","https://www.atypic-cactus.com/wp-content/uploads/2017/05/grussonii_01.jpg, https://www.atypic-cactus.com/wp-content/uploads/2020/03/IMG_0538_01.jpg, https://www.atypic-cactus.com/wp-content/uploads/2020/03/DUHB9302.jpg",2025-06-06T08:12:49.074111,2025-06-06T08:12:49.074111
66130,Yucca Rostrata - Multi têtes,"Yucca Rostrata Multi-têtes, sujets exceptionnels\n\nRésistant jusqu'à -18° le yucca rostrata est très économique en eau, c'est le yucca à avoir dans son jardin\n\nTaille 1m60- 1m70 avec 3 à 5 bras",1150.0,,"Yuccas > Rostrata, Sujets exceptionnels, Yuccas",https://www.atypic-cactus.com/wp-content/uploads/2014/07/DSC_0378_01.jpg,2025-06-06T08:12:49.074111,2025-06-06T08:12:49.074111
66414,Agave Bracteosa,"Agave Bracteosa\nTaille adulte, très rustique, plante idéale pour les jardins secs, elle peut être plantée en bordure de piscine ou sur un lieu de passage sans difficulté car elle ne possède ni dent ni épine.",,,"Agaves et aloes > Agaves, Agaves et aloes","https://www.atypic-cactus.com/wp-content/uploads/2014/11/IMG_0039.jpg, https://www.atypic-cactus.com/wp-content/uploads/2014/11/IMG_4231.jpg, https://www.atypic-cactus.com/wp-content/uploads/2016/05/IMG_0538_105.jpg",2025-06-06T08:12:49.074111,2025-06-06T08:12:49.074111
66416,Agave Victoria Reginae,Agave Victoria Reginae\n\nDisponible pot 30cm\n\n&nbsp;,,,"Agaves et aloes > Agaves, Agaves et aloes","https://www.atypic-cactus.com/wp-content/uploads/2014/11/IMG_E1880.jpg, https://www.atypic-cactus.com/wp-content/uploads/2014/11/IMG_3709.jpg, https://www.atypic-cactus.com/wp-content/uploads/2019/12/IMG_4754.jpg",2025-06-06T08:12:49.074111,2025-06-06T08:12:49.074111
66486,Trichocereus Echinopsis Pachanoi,Trichocereus Echinopsis Pachanoi/ Torche péruvienne\n\nTaille de la plante disponible : 60/70/80cm\n\nVendu en pot,,,"Cactus, Cactus > Trichocereus","https://www.atypic-cactus.com/wp-content/uploads/2023/08/IMG_2200.jpg, https://www.atypic-cactus.com/wp-content/uploads/2023/08/IMG_2073.jpg, https://www.atypic-cactus.com/wp-content/uploads/2023/08/IMG_2072.jpg",2025-06-06T08:12:49.074111,2025-06-06T08:12:49.074111
66660,Trichocereus Spachianus,Trichocereus spachianus\n\nFloraison exceptionnelle\n\nVendu en pot\n\n&nbsp;,,,"Cactus, Cactus > Trichocereus","https://www.atypic-cactus.com/wp-content/uploads/2025/05/IMG_6754.jpg, https://www.atypic-cactus.com/wp-content/uploads/2014/04/DSC_0183_004-e1420574853591.jpg, https://www.atypic-cactus.com/wp-content/uploads/2014/04/DSC_0185_005-e1416316528396.jpg",2025-06-06T08:12:49.074111,2025-06-06T08:12:49.074111
66665,Trichocereus Pachanoi/Macrogonus Bouture-0.80 euros/cm,"Trichocereus/ echinopsis Pachanoi, Macrogonus en Bouture, aussi appelé San pedro au Pérou, plante résistante jusqu'à -8°\n\nQualité exceptionnelle, plante cultivée à l'extérieur, gros diamètre. Les boutures de Trichocereus sont très faciles à replanter, il suffit de la planter dans un pot et de ne pas l'arroser pendant 1 mois\nVous trouverez tous les détails dans le guide du bouturage publié dans la rubrique <a href=""https://www.atypic-cactus.com/blog-2/"">conseil</a>.\n\nLorsqu'ils sont arrosés durant les périodes estivales, les trichocereus pachanoi peuvent prendre entre 10 et 25 cm par an. Ils fleurissent chaque année au mois de juin. Leurs floraisons sont éphémères (une journée) mais spectaculaire.\n\nLes boutures sont coupées dans notre production extérieure, puis elles doivent être mises à sécher entre 3 et 6 jours selon la météo.\n\nLivraison entre 1/2 semaines ( temps de séchage ) selon la météo\n\nConsultez le <a href=""https://www.atypic-cactus.com/guide-de-rempotage-de-bouture-de-cactus/"">guide bouturage</a> dans la rubrique conseils",,0.0,Boutures,"https://www.atypic-cactus.com/wp-content/uploads/2015/01/IMG_0520.jpg, https://www.atypic-cactus.com/wp-content/uploads/2015/01/IMG_3287.jpg",2025-06-06T08:12:49.074111,2025-06-06T08:12:49.074111
66674,Trichocereus Pachanoi/Macrogonus Bouture-0.80 euros/cm - 50,,40.0,,,,2025-06-06T08:12:49.074111,2025-06-06T08:12:49.074111
66675,Trichocereus Pachanoi/Macrogonus Bouture-0.80 euros/cm - 100,,80.0,,,,2025-06-06T08:12:49.074111,2025-06-06T08:12:49.074111
66678,Trichocereus Pasacana,"Trichocereus Pasacana, Cierge géant et magnifique très résistant qui s'acclimate aux climats les plus froids -17°, toutes tailles, de 40cm à 4m, gros cactus ramifié.\n\nLes cactus sont généralement expédiés racines nues, et cela ne pose aucun problème pour la reprise de la plante. Si certains clients veulent des plantes en pots, veuillez le préciser, nous essayerons de faire le nécessaire.",,,"Cactus, Cactus > Trichocereus","https://www.atypic-cactus.com/wp-content/uploads/2020/03/IMG_E4205.jpg, https://www.atypic-cactus.com/wp-content/uploads/2015/01/DSC_0897_01-e1484671216212.jpg",2025-06-06T08:12:49.074111,2025-06-06T08:12:49.074111
66699,,,18.0,,,,2025-06-06T08:12:49.074111,2025-06-06T08:12:49.074111
66700,,,30.0,,,,2025-06-06T08:12:49.074111,2025-06-06T08:12:49.074111
66701,,,60.0,,,,2025-06-06T08:12:49.074111,2025-06-06T08:12:49.074111
66704,Echinocactus Grusonii 30cm,"Echinocactus Grusonii, originaire du Mexique, aussi appelé coussin de belle-mère,\n\nRésistant au gel -7°,\n\nVendu en pot de diam 30cm",75.0,,"Cactus, Cactus > Echinocactus","https://www.atypic-cactus.com/wp-content/uploads/2015/01/IMG_E1876.jpg, https://www.atypic-cactus.com/wp-content/uploads/2019/12/echinocactus-grussoniipetit_066-1.jpg",2025-06-06T08:12:49.074111,2025-06-06T08:12:49.074111
66732,Ferocactus Stainesi/Pilosus,"Ferocactus Stainesi/Pilosus, cactus sphérique très apprécié pour ses épines rouges, de taille moyenne et rustique. Ce cactus très ornemental peut être mis en terre dans le sud de la France.\n\nPlantation dans un sol drainant ou en butte, il peut atteindre plus de 2 mètres dans son habitat naturel. Très belles fleurs orange-jaune\n\nRésistance au froid -8°\nOriginaire du Mexique et Sud Est des U.S.A\n\nDifférentes tailles disponible 30/35/40cm",,,"Cactus, Cactus > Ferocactus","https://www.atypic-cactus.com/wp-content/uploads/2020/03/IMG_E1874.jpg, https://www.atypic-cactus.com/wp-content/uploads/2015/05/IMG_0432.jpg, https://www.atypic-cactus.com/wp-content/uploads/2015/05/DSC_0968.jpg, https://www.atypic-cactus.com/wp-content/uploads/2020/06/IMG_0424-menu.jpg",2025-06-06T08:12:49.074111,2025-06-06T08:12:49.074111
66743,Ferocactus Stainesi/Pilosus - 30,,85.0,,,,2025-06-06T08:12:49.074111,2025-06-06T08:12:49.074111
66744,Ferocactus Stainesi/Pilosus - 40,,185.0,,,,2025-06-06T08:12:49.074111,2025-06-06T08:12:49.074111
66745,Trichocereus Pasacana - 40,,95.0,,,,2025-06-06T08:12:49.074111,2025-06-06T08:12:49.074111
66747,Trichocereus Pasacana - 60,,160.0,,,,2025-06-06T08:12:49.074111,2025-06-06T08:12:49.074111
66752,Trichocereus Pasacana - 110,,380.0,,,,2025-06-06T08:12:49.074111,2025-06-06T08:12:49.074111
66753,Trichocereus Pasacana - 140,,580.0,,,,2025-06-06T08:12:49.074111,2025-06-06T08:12:49.074111
66754,Trichocereus Pasacana - 200,,980.0,,,,2025-06-06T08:12:49.074111,2025-06-06T08:12:49.074111
66761,Boutures Trichocereus Spachianus,Boutures Trichocereus Spachianus- 0.80 euros/cm\nCactus très adapté à la plantation à l'extérieur\nOrigine: Argentine\nRésistance au froid : -12°\n\nLivraison entre 1/2 semaines ( temps de séchage ) selon la météo,,,Boutures,"https://www.atypic-cactus.com/wp-content/uploads/2014/04/DSC_0185_005-e1416316528396.jpg, https://www.atypic-cactus.com/wp-content/uploads/2015/06/IMG_1012_100.jpg",2025-06-06T08:12:49.074111,2025-06-06T08:12:49.074111
66763,Boutures Trichocereus Spachianus - 50,,40.0,,,,2025-06-06T08:12:49.074111,2025-06-06T08:12:49.074111
66764,Boutures Trichocereus Spachianus - 100,,80.0,,,,2025-06-06T08:12:49.074111,2025-06-06T08:12:49.074111
66853,Opuntia Robusta - 4,,28.0,,,,2025-06-06T08:12:49.074111,2025-06-06T08:12:49.074111
66864,Aloe Ferox,"Aloe Ferox: Gros sujet\n\nPlantes idéales pour les jardin secs, et cactus\n\nHauteur plante 80cm et largeur 80cm\n\n350 euros",350.0,,"Agaves et aloes, Agaves et aloes > Aloes, Sujets exceptionnels","https://www.atypic-cactus.com/wp-content/uploads/2016/05/IMG_4835.jpg, https://www.atypic-cactus.com/wp-content/uploads/2016/05/IMG_4834.jpg",2025-06-06T08:12:49.074111,2025-06-06T08:12:49.074111
66952,Yucca rostrata Blue Swan,"Yucca Rostrata blue swan boule de feuille qualité supérieure, plante très résistante et très élégante. La qualité blue swan est très prisée pour son bleu intense.\nYucca très à la mode qui convient à planter dans toutes les régions de France.\nOrigine Mexique et Sud USA",,,"Yuccas > Rostrata, Sujets exceptionnels, Yuccas","https://www.atypic-cactus.com/wp-content/uploads/2018/11/IMG_2762.jpg, https://www.atypic-cactus.com/wp-content/uploads/2024/08/IMG_6254_01.jpg, https://www.atypic-cactus.com/wp-content/uploads/2022/01/IMG_0261.jpg, https://www.atypic-cactus.com/wp-content/uploads/2022/01/IMG_4290.jpg, https://www.atypic-cactus.com/wp-content/uploads/2024/08/IMG_6251_01.jpg",2025-06-06T08:12:49.074111,2025-06-06T08:12:49.074111
66955,Yucca rostrata Blue Swan - 110,,380.0,,,,2025-06-06T08:12:49.074111,2025-06-06T08:12:49.074111
66957,Yucca Rostrata multi-tête,Yucca Rostrata sujet exceptionnel multi-tête,980.0,,"Sujets exceptionnels, Yuccas",https://www.atypic-cactus.com/wp-content/uploads/2014/11/IMG_1666.jpg,2025-06-06T08:12:49.074111,2025-06-06T08:12:49.074111
66961,Trichocereus Pasacana Tersheki géant,"<strong>Trichocereus pasacana et Tersheki Géant</strong>\n\nSujet exceptionnel entre 1M80 et 4 m de hauteur se ramifiant pouvant atteindre 12m\n\nLe roi des cactus à planter dans toute la France, résistance au gel -17°\n\nConsultez nous pour connaitre nos prix",,,"Cactus, Sujets exceptionnels, Cactus > Trichocereus","https://www.atypic-cactus.com/wp-content/uploads/2020/03/IMG_0445.jpg, https://www.atypic-cactus.com/wp-content/uploads/2017/01/IMG_6137.jpg, https://www.atypic-cactus.com/wp-content/uploads/2017/01/IMG_6139.jpg, https://www.atypic-cactus.com/wp-content/uploads/2017/01/IMG_6278.jpg, https://www.atypic-cactus.com/wp-content/uploads/2017/01/IMG_6281.jpg, https://www.atypic-cactus.com/wp-content/uploads/2017/01/IMG_6282.jpg, https://www.atypic-cactus.com/wp-content/uploads/2017/01/IMG_6310.jpg, https://www.atypic-cactus.com/wp-content/uploads/2017/01/IMG_6311.jpg",2025-06-06T08:12:49.074111,2025-06-06T08:12:49.074111
66962,Cleistocactus Straussi - 140,,320.0,,,,2025-06-06T08:12:49.074111,2025-06-06T08:12:49.074111
66964,Yucca Elephantipes Jewel,,135.0,,,,2025-06-06T08:12:49.074111,2025-06-06T08:12:49.074111
67067,Agave Victoria Reginae - 30,,80.0,,,,2025-06-06T08:12:49.074111,2025-06-06T08:12:49.074111
67068,Agave Victoria Reginae - 20,,54.0,,,,2025-06-06T08:12:49.074111,2025-06-06T08:12:49.074111
67086,Echinocactus Grusonii - 50,,340.0,,,,2025-06-06T08:12:49.074111,2025-06-06T08:12:49.074111
67087,Echinocactus Grusonii - 40,,200.0,,,,2025-06-06T08:12:49.074111,2025-06-06T08:12:49.074111
67088,Echinocactus Grusonii - 35,,110.0,,,,2025-06-06T08:12:49.074111,2025-06-06T08:12:49.074111
67089,Echinocactus Grusonii - 30,,75.0,,,,2025-06-06T08:12:49.074111,2025-06-06T08:12:49.074111
67096,Yucca Filifera Australis,"Yucca Filifera Australis\n\nSujet pouvant atteindre 15m de haut, et résistant à la sécheresse et au gel -15°, appelé aussi palmier de saint pierre",,,"Sujets exceptionnels, Yuccas","https://www.atypic-cactus.com/wp-content/uploads/2017/05/IMG_3361.jpg, https://www.atypic-cactus.com/wp-content/uploads/2024/08/IMG_4897.jpg, https://www.atypic-cactus.com/wp-content/uploads/2017/05/IMG_0026.jpg, https://www.atypic-cactus.com/wp-content/uploads/2018/04/IMG_3088.jpg",2025-06-06T08:12:49.074111,2025-06-06T08:12:49.074111
67185,Yucca Linearis,"Yucca linearis, très résistant au gel -17°, plus fin que le rostrata, idéal pour un jardin ou intérieur\n\nSujet exceptionnel de taille adulte 2m+",550.0,,"Sujets exceptionnels, Yuccas",https://www.atypic-cactus.com/wp-content/uploads/2017/11/DSC_0351_01.jpg,2025-06-06T08:12:49.074111,2025-06-06T08:12:49.074111
67265,Yucca rostrata Blue Swan - 180,,890.0,,,,2025-06-06T08:12:49.074111,2025-06-06T08:12:49.074111
67325,Agave Nigra,"Agave Nigra, -14°, hybride naturel de l'agave victoria reginae, sublime pour sa couleur et idéale pour les rocailles extérieures\n\nTaille 30 Cm - Pot de 15L",98.0,,"Agaves et aloes > Agaves, Agaves et aloes","https://www.atypic-cactus.com/wp-content/uploads/2018/05/IMG_3370.jpg, https://www.atypic-cactus.com/wp-content/uploads/2018/05/IMG_3371.jpg",2025-06-06T08:12:49.074111,2025-06-06T08:12:49.074111
67331,Pachycereus Pringlei,"Pachycereus Pringlei\n\nGrand Cactus Cierge pouvant atteindre 20M, originaire du nord-ouest du Mexique, ce géant des cactus est très aimé pour sa couleur grise bleutée, et ses côtés noirs arborées d'épines.\n\nPlus sensible au gel que les Trichocereus mais résiste au température inférieure -5°/-6°. Le cactus incontournable dans les régions méditerranéennes.\n\nIdéal pour la décoration intérieure et extérieure. De taille adulte, il nécessite peu d'arrosage.\n\nDisponible en 1M10- 1.M40-2M",,,"Cactus, Cactus > Pachycereus, Sujets exceptionnels","https://www.atypic-cactus.com/wp-content/uploads/2023/09/IMG_4970.jpg, https://www.atypic-cactus.com/wp-content/uploads/2020/06/IMG_0956.jpg, https://www.atypic-cactus.com/wp-content/uploads/2018/05/IMG_0941.jpg, https://www.atypic-cactus.com/wp-content/uploads/2018/05/IMG_0943.jpg",2025-06-06T08:12:49.074111,2025-06-06T08:12:49.074111
67348,Ferocactus Stainesi/Pilosus - 35,,135.0,,,,2025-06-06T08:12:49.074111,2025-06-06T08:12:49.074111
67357,Yucca Filifera Australis - 60-80,,180.0,,,https://www.atypic-cactus.com/wp-content/uploads/2018/06/IMG_3092_01.jpg,2025-06-06T08:12:49.074111,2025-06-06T08:12:49.074111
67358,Yucca Filifera Australis - 150,,450.0,,,https://www.atypic-cactus.com/wp-content/uploads/2018/04/IMG_3089.jpg,2025-06-06T08:12:49.074111,2025-06-06T08:12:49.074111
67410,Cereus Peruvianus Monstruosus,"Cereus Peruvianus Mosntruosus, cierge originaire d'Amérique du Sud, connu pour être un tueur d'onde électromagnétique\n\nCactus type colonnaire pouvant aller jusqu'à 10 mètres, très connu au Pérou pour ces fruits rouges délicieux et sa très belle floraison de grosses fleurs blanches\n\nRésistance froid: -8°\n\nQualité exceptionnelle ramifiée\n\n4 tailles disponibles vendus en pot\n\n&nbsp;",,,"Cactus, Cactus > Cereus","https://www.atypic-cactus.com/wp-content/uploads/2024/07/IMG_4964.jpg, https://www.atypic-cactus.com/wp-content/uploads/2022/07/IMG_4825.jpg, https://www.atypic-cactus.com/wp-content/uploads/2022/07/IMG_4826.jpg, https://www.atypic-cactus.com/wp-content/uploads/2024/07/IMG_4963.jpg",2025-06-06T08:12:49.074111,2025-06-06T08:12:49.074111
67415,Agave Parryi Huachucensis,"Cousin de l'Agave Parryi, une très belle espèce originaire de l'Arizona qui pousse en rosace mais ne prend pas trop de place contrairement aux agaves Americana...\n\nTaille de sujet exceptionnel pour installation dans jardin\n\nDiamètre plante 60-70cm",180.0,,"Agaves et aloes > Agaves, Agaves et aloes, Sujets exceptionnels",https://www.atypic-cactus.com/wp-content/uploads/2018/09/agaves-parry-huachaensis.jpg,2025-06-06T08:12:49.074111,2025-06-06T08:12:49.074111
67441,Echinocactus grusonii intermedius,"Echinocactus grusonii intermedius: cactus de collection, épines courtes, cactus rare\n\nA couvrir d'un voile d'hivernage l'hiver\n\nPot <strong>25 cm et 30 cm</strong>",,,"Cactus, Cactus > Echinocactus, Sujets exceptionnels",https://www.atypic-cactus.com/wp-content/uploads/2018/11/IMG_E5217.jpg,2025-06-06T08:12:49.074111,2025-06-06T08:12:49.074111
67447,Ferocactus Glaucescens,"Ferocactus Glaucescens, magnifique couleur bleu-vert aux épines jaunes , l'été une magnifique couronne de fleurs jaunes se forme sur la haut de la plante\n\nOriginaire du Mexique, cactus très rustique, mesurant jusuq'à 50CM de largeur\n\nTaille 30cm",85.0,,"Cactus, Cactus > Ferocactus",https://www.atypic-cactus.com/wp-content/uploads/2018/11/IMG_E2268_01.jpg,2025-06-06T08:12:49.074111,2025-06-06T08:12:49.074111
67449,Echinocactus Grusonii multi-têtes,Echinocactus Grusonii <strong>multi-têtes</strong>\n\nRésistant -7°\nOrigine Mexique\n\nTaille 40 cm,220.0,,"Cactus, Cactus > Echinocactus, Sujets exceptionnels","https://www.atypic-cactus.com/wp-content/uploads/2018/11/IMG_2763.jpg, https://www.atypic-cactus.com/wp-content/uploads/2018/11/IMG_2797.jpg",2025-06-06T08:12:49.074111,2025-06-06T08:12:49.074111
67467,Trichocereus Pachanoi en groupe,"Trichocereus Pachanoi en groupe 2 bras\n\nOrigine : Pérou, Bolivie\nRésistance au froid: -8°/-10°\n\nDifférentes tailles disponible 40/50/60/70cm (Hors pot)\n\nCactus vendu en pot, idéal pour l'extérieur et intérieur",,,"Cactus, Cactus > Trichocereus","https://www.atypic-cactus.com/wp-content/uploads/2023/09/IMG_6756.jpg, https://www.atypic-cactus.com/wp-content/uploads/2023/09/IMG_6755.jpg",2025-06-06T08:12:49.074111,2025-06-06T08:12:49.074111
67496,Opuntia Tapona,"Opuntia Tapona\n\nPetit Opuntia 1M20 hauteur maximale, très apprécié car il possède peu d'épines, très belles fleurs jaune à croissance lente\n\nGrande Résistance au froid : -12°\n\nVendu racine nue\n\nHauteur plante 40-50cm",38.0,,"Cactus, Cactus > Opuntia",https://www.atypic-cactus.com/wp-content/uploads/2020/04/IMG_1470.jpg,2025-06-06T08:12:49.074111,2025-06-06T08:12:49.074111
67502,Trichocereus peruvianus - Torche peruvienne,"Trichocereus Péruvianus (Cuzcoensis)\n\nCactus colonnaire pouvant atteindre 4m, très belles floraison, il se distingue du pachanoi par un port d'épines plus important\n\nVente en bouture\n\nRésistance froid : -9°\n\nLivraison entre 1/2 semaines ( temps de séchage ) selon la météo\n\nConsultez le <a href=""https://www.atypic-cactus.com/guide-de-rempotage-de-bouture-de-cactus/"">guide bouturage</a> dans la rubrique conseils",,,Boutures,https://www.atypic-cactus.com/wp-content/uploads/2018/11/DSC_0497.jpg,2025-06-06T08:12:49.074111,2025-06-06T08:12:49.074111
67503,Trichocereus peruvianus - Torche peruvienne - 80,,72.0,,,,2025-06-06T08:12:49.074111,2025-06-06T08:12:49.074111
67504,Trichocereus peruvianus - Torche peruvienne - 50,,45.0,,,,2025-06-06T08:12:49.074111,2025-06-06T08:12:49.074111
67517,Senecio Serpens,"Senecio Serpens\n\nPlante grasse vivace pouvant atteindre 1M de hauteur et 3m de large, feuillage bleu argenté très apprécié dans les rocailles dans un sol drainant, utilisé comme couvre sol\n\nRésistance gel -3°\n\nVendu en pot de 12L",48.0,,Agaves et aloes > Aloes,https://www.atypic-cactus.com/wp-content/uploads/2020/12/IMG_4493.jpg,2025-06-06T08:12:49.074111,2025-06-06T08:12:49.074111
67520,Cereus Peruvianus Monstruosus - 70,qualité exceptionnelle,170.0,,,,2025-06-06T08:12:49.074111,2025-06-06T08:12:49.074111
67554,Agave segurae,"Agave Segurae, d'un bleu clair très lumineux\n\nRésistance gel -8/-10°° et sec\n\nDiam Taille 70 cm\n\nPot 15L\n\n&nbsp;",118.0,,"Agaves et aloes > Agaves, Agaves et aloes","https://www.atypic-cactus.com/wp-content/uploads/2018/05/IMG_3365.jpg, https://www.atypic-cactus.com/wp-content/uploads/2018/05/IMG_3366.jpg, https://www.atypic-cactus.com/wp-content/uploads/2019/03/IMG_1768.jpg",2025-06-06T08:12:49.074111,2025-06-06T08:12:49.074111
67566,Dasylirions wheeleri blue,"Dasylirions spectaculaires taille adulte, sujets exceptionnels pour un jardin\n\nwheeleri blue  pot 80 litres\n\n&nbsp;",380.0,,"Dasylirions, Sujets exceptionnels",https://www.atypic-cactus.com/wp-content/uploads/2019/03/DSC_0830.jpg,2025-06-06T08:12:49.074111,2025-06-06T08:12:49.074111
67568,Pachycereus Pringlei Groupe,Pachycereus Pringlei\n\nRésistance gel  -5°\n\nidéal pour une décoration intérieure ou extérieure\n\nVendu en pot par groupe de trois cactus\n\ntailles dispo 1M30-1M70-2M,,,"Cactus, Cactus > Pachycereus, Sujets exceptionnels","https://www.atypic-cactus.com/wp-content/uploads/2020/03/IMG_1960.jpg, https://www.atypic-cactus.com/wp-content/uploads/2020/03/IMG_1959.jpg",2025-06-06T08:12:49.074111,2025-06-06T08:12:49.074111
67634,Cereus Peruvianus Monstruosus - 60,,128.0,,,,2025-06-06T08:12:49.074111,2025-06-06T08:12:49.074111
67639,Pachycereus Pringlei - 1.40M,Très Gros diamètre,650.0,,,,2025-06-06T08:12:49.074111,2025-06-06T08:12:49.074111
67663,Agave Parryi,Agave Parryi\n\nLivraison en pot 25L,98.0,,"Agaves et aloes > Agaves, Agaves et aloes","https://www.atypic-cactus.com/wp-content/uploads/2022/03/IMG_2075.jpg, https://www.atypic-cactus.com/wp-content/uploads/2019/06/IMG_4202.jpg, https://www.atypic-cactus.com/wp-content/uploads/2019/06/IMG_0544.jpg",2025-06-06T08:12:49.074111,2025-06-06T08:12:49.074111
67671,Agave lophanta  v. latifolia  'Ensifera',Agave lophanta v. latifolia 'Ensifera'\n\nTaille 60-70cm vert bleuté\n\nMultiplication par rejet\n\nRésistance -12°\n\nVendu racines nues ou en pot\n\n&nbsp;,125.0,,"Agaves et aloes > Agaves, Agaves et aloes","https://www.atypic-cactus.com/wp-content/uploads/2019/06/IMG_4207.jpg, https://www.atypic-cactus.com/wp-content/uploads/2019/06/IMG_4210.jpg",2025-06-06T08:12:49.074111,2025-06-06T08:12:49.074111
67711,Trichocereus pasacana- terschekii en groupe,"Trichocereus Pasacana, originaire du nord de l'Argentine, très résistant au froid -15° et à la sècheresse, ce cactus peut atteindre plus de 8 mètres de haut et posséder de nombreuses ramifications. C'est le cactus à avoir dans son jardin.",,,"Cactus, Sujets exceptionnels, Cactus > Trichocereus","https://www.atypic-cactus.com/wp-content/uploads/2019/07/DSC_0550.jpg, https://www.atypic-cactus.com/wp-content/uploads/2017/01/IMG_4007.jpg",2025-06-06T08:12:49.074111,2025-06-06T08:12:49.074111
67712,Trichocereus pasacana- terschekii en groupe - 130,3 têtes,590.0,,,,2025-06-06T08:12:49.074111,2025-06-06T08:12:49.074111
67713,Trichocereus pasacana- terschekii en groupe - 110,2 têtes,390.0,,,,2025-06-06T08:12:49.074111,2025-06-06T08:12:49.074111
67722,Trichocereus Spachianus - 70,vendu en pot,78.0,,,,2025-06-06T08:12:49.074111,2025-06-06T08:12:49.074111
67739,Trichocereus pasacana- terschekii en groupe - 100,,340.0,,,,2025-06-06T08:12:49.074111,2025-06-06T08:12:49.074111
67801,Yucca Rostrata blue swan petite taille,Yucca Rostrata Blue Swan qualité exceptionnelle\n\nPot 15L\n\nHauteur plante 60cm\n\nBien enraciné\n\n&nbsp;,78.0,,"Yuccas > Rostrata, Yuccas","https://www.atypic-cactus.com/wp-content/uploads/2020/08/IMG_E4776.jpg, https://www.atypic-cactus.com/wp-content/uploads/2020/08/IMG_E4774.jpg",2025-06-06T08:12:49.074111,2025-06-06T08:12:49.074111
67805,Yucca Desmetiana,Yucca Desmetiana\n\nTaille disponible 90 /110cm (Hauteur plante)\n\nrésistance froid -12°\n\n&nbsp;,,,"Sujets exceptionnels, Yuccas","https://www.atypic-cactus.com/wp-content/uploads/2019/12/IMG_6749.jpg, https://www.atypic-cactus.com/wp-content/uploads/2019/12/IMG_6758.jpg, https://www.atypic-cactus.com/wp-content/uploads/2019/12/IMG_6751.jpg, https://www.atypic-cactus.com/wp-content/uploads/2019/12/IMG_6759.jpg",2025-06-06T08:12:49.074111,2025-06-06T08:12:49.074111
68071,Aloe Cosmo,Aloe Cosmo Grande taille 21 cm\n\nFloraison orange\n\nPot 2l diamètre 21 cm,22.0,,Agaves et aloes > Aloes,"https://www.atypic-cactus.com/wp-content/uploads/2019/12/aloe-csomo.jpg, https://www.atypic-cactus.com/wp-content/uploads/2019/12/DSC_0252.jpg",2025-06-06T08:12:49.074111,2025-06-06T08:12:49.074111
68073,Aloe Aristata,Aloe Aristata  Grande Taille<strong> 30 cm</strong>\n\nRésistance -10°\n\nTaille et qualité exceptionnelle\n\nPot coupe 30cm,58.0,,Agaves et aloes > Aloes,"https://www.atypic-cactus.com/wp-content/uploads/2019/12/IMG_4746.jpg, https://www.atypic-cactus.com/wp-content/uploads/2019/12/DSC_0294.jpg",2025-06-06T08:12:49.074111,2025-06-06T08:12:49.074111
68074,Aloe Arborescens,Aloe Arborescens\n\nVendu en pot\n\n1 taille disponible 40cm,40.0,,Agaves et aloes > Aloes,"https://www.atypic-cactus.com/wp-content/uploads/2019/12/DSC_0243.jpg, https://www.atypic-cactus.com/wp-content/uploads/2019/12/IMG_0081.jpg",2025-06-06T08:12:49.074111,2025-06-06T08:12:49.074111
68075,Aloe Hybride,Aloe Hybride\n\nAloe arborescent qui s'apparente à l'hybride Côte d'Azur\n\nTrès belle qualité\n\nHauteur sans pot 50/60cm,68.0,,"Agaves et aloes, Agaves et aloes > Aloes","https://www.atypic-cactus.com/wp-content/uploads/2019/12/IMG_2098.jpg, https://www.atypic-cactus.com/wp-content/uploads/2019/12/IMG_2099.jpg",2025-06-06T08:12:49.074111,2025-06-06T08:12:49.074111
69078,Aloe Brevifolia grande coupe,"Aloe Brevifolia\n\nOriginaire D'Afrique du Sud, de couleur bleu gris, culture facile en pot ou en pleine terre\n\nRésistance au froid -6°",,,Agaves et aloes > Aloes,"https://www.atypic-cactus.com/wp-content/uploads/2020/01/IMG_0037.jpg, https://www.atypic-cactus.com/wp-content/uploads/2020/01/DSC_0295.jpg",2025-06-06T08:12:49.074111,2025-06-06T08:12:49.074111
69088,Echinocactus Grusonii en groupe,"Echinocactus Grusonii en groupe\n\nAppelé communément coussin de belle-mère, originaire du centre du Mexique, est un cactus globulaire résistant au froid -7 et à la sécheresse, très apprécié pour ses aiguilles jaunes or et ses fleurs annuelles qui forment une couronne jaune, il est indispensable dans toute rocaille méditerranéenne.\n\nMulti-tête\n\nVendu en coupe 30cm",89.0,,"Cactus, Cactus > Echinocactus","https://www.atypic-cactus.com/wp-content/uploads/2020/01/IMG_0031.jpg, https://www.atypic-cactus.com/wp-content/uploads/2020/01/IMG_0030.jpg",2025-06-06T08:12:49.074111,2025-06-06T08:12:49.074111
69091,Agave Bracteosa - 30,,29.0,,,,2025-06-06T08:12:49.074111,2025-06-06T08:12:49.074111
69092,Agave Bracteosa - 70,,75.0,,,,2025-06-06T08:12:49.074111,2025-06-06T08:12:49.074111
69771,Opuntia Indica Nopal - 20,,80.0,,,,2025-06-06T08:12:49.074111,2025-06-06T08:12:49.074111
69772,Opuntia Indica Nopal - 10,,40.0,,,,2025-06-06T08:12:49.074111,2025-06-06T08:12:49.074111
69773,Opuntia Indica Nopal - 5,,20.0,,,,2025-06-06T08:12:49.074111,2025-06-06T08:12:49.074111
70543,Ferocactus Horridus,"Ferocactus Horridus,\n\nRésistance au gel -4°\n\nCroissance lente en forme de globulaire puis s’élève en hauteur.\n\nPlante de 50cm âgée de 20 ans, magnifique floraison",,,"Cactus, Cactus > Ferocactus","https://www.atypic-cactus.com/wp-content/uploads/2020/03/IMG_E4782.jpg, https://www.atypic-cactus.com/wp-content/uploads/2020/03/IMG_0433.jpg, https://www.atypic-cactus.com/wp-content/uploads/2020/03/IMG_0434.jpg",2025-06-06T08:12:49.074111,2025-06-06T08:12:49.074111
70545,Ferocactus Horridus - 50,Taille et qualité exceptionnelle,450.0,,,,2025-06-06T08:12:49.074111,2025-06-06T08:12:49.074111
70569,Myrtillocactus Geometrizans,Myrtillocactus Geometrizans\n\nCierge arborescent bleuté\n\nRésistance gel -4°\n\n1 taille disponible 60cm très ramifié\n\nMultiplication par bouturage\n\n&nbsp;,118.0,,Cactus,"https://www.atypic-cactus.com/wp-content/uploads/2023/04/IMG_6170.jpg, https://www.atypic-cactus.com/wp-content/uploads/2023/04/IMG_6374.jpg",2025-06-06T08:12:49.074111,2025-06-06T08:12:49.074111
70593,Polaskia Chichipe,Polaskia Chichipe\n\nCactus cierge ramifié\n\ntailles disponibles 50/60cm - 90cm -100cm-110cm,,,"Cactus, Cactus > Polaskia Chichipe, Sujets exceptionnels","https://www.atypic-cactus.com/wp-content/uploads/2018/11/IMG_2784.jpg, https://www.atypic-cactus.com/wp-content/uploads/2021/03/IMG_2635.jpg, https://www.atypic-cactus.com/wp-content/uploads/2021/03/IMG_E2270.jpg, https://www.atypic-cactus.com/wp-content/uploads/2021/03/NJMD9371.jpg",2025-06-06T08:12:49.074111,2025-06-06T08:12:49.074111
70615,Pachycereus Pringlei ramifié,"Pachycereus Pringlei ramifié\n\nSujet exceptionnel âgé de 20 ans, avec bras",1700.0,,"Cactus > Pachycereus, Sujets exceptionnels",https://www.atypic-cactus.com/wp-content/uploads/2020/04/IMG_0423_02.jpg,2025-06-06T08:12:49.074111,2025-06-06T08:12:49.074111
70620,Pachycereus Pringlei - 2M20,Qualité exceptionnelle grosse tête\n,1550.0,,,,2025-06-06T08:12:49.074111,2025-06-06T08:12:49.074111
70627,Pachycereus Pringlei,"Pachycereus Pringlei\n\nCactus Cierge pouvant atteindre 20M, le géant des cactus aimé pour sa couleur grise bleutée, et ses côtés noirs arborées d'épines.\n\nPlus sensible au gel que les Trichocereus mais résiste au température inférieure - 5°\n\nVendu en Pot CT 25 L / hauteur de la plante 50/60cm\n\nDisponible en simple ou double cierge\n\n&nbsp;",,,"Cactus, Cactus > Pachycereus","https://www.atypic-cactus.com/wp-content/uploads/2020/04/IMG_E4213.jpg, https://www.atypic-cactus.com/wp-content/uploads/2020/04/IMG_0633.jpg",2025-06-06T08:12:49.074111,2025-06-06T08:12:49.074111
70644,Aloe Spinosissima,"Aloe Spinosissima\n\nDe taille moyenne poussant en groupe et se multipliant par rejet. Feuille bleue-vert, non piquante\n\nHampe florale de 30 cm de couleur rouge\n\nRésistant au gel -5°\n\nPot diam 21 cm\n\n&nbsp;\n\n&nbsp;",14.0,,Agaves et aloes > Aloes,"https://www.atypic-cactus.com/wp-content/uploads/2020/04/IMG_1549.jpg, https://www.atypic-cactus.com/wp-content/uploads/2020/04/IMG_0679.jpg",2025-06-06T08:12:49.074111,2025-06-06T08:12:49.074111
70670,Vatricania Guentheri,"Vatricania Guentheri\n\nCactus cierge qui se ramifie beaucoup, Côtes nombreuses et peu marquées\n\nFloraison fleurs rose\n\nLivraison en pot/ taille disponible hors pot 9<strong>0cm - 1M30-1M70</strong>",,,"Cactus, Cactus > Vatricania","https://www.atypic-cactus.com/wp-content/uploads/2024/08/IMG_6287_01.jpg, https://www.atypic-cactus.com/wp-content/uploads/2022/06/IMG_4838.jpg, https://www.atypic-cactus.com/wp-content/uploads/2022/06/IMG_4820.jpg",2025-06-06T08:12:49.074111,2025-06-06T08:12:49.074111
70745,Pachycereus Pringlei - 1.10M,,350.0,,,,2025-06-06T08:12:49.074111,2025-06-06T08:12:49.074111
70747,Cereus Forbesii Spiralis,"Cereus Forbesii Spiralis\n\nCactus de forme spiralée, très prisé par tous les amateurs de cactus, sa spirale peut changer de sens.\n\nEn pleine terre, ce cactus se ramifie et peut atteindre jusqu'à 4 mètres de hauteur. Il se plaira mieux en pleine terre surtout dans les régions méditerranéennes, plantés dans des rocailles et talus de terre drainée. Il tend à pousser de manière ramifiée, donnant un aspect spectaculaire à ce cactus. Mais il peut aussi être planté dans des pots ou jardinières en extérieur, et en intérieur à condition d'avoir un ensoleillement suffisant. Sa floraison est comparable au Cereus Peruvianus, ornée de grande fleur blanche.\n\nMultiplication en bouturage\n\nArrosage de juin à fin août, une fois tous les 10 jours\n\nRésistance gel -6°\n\nHauteur plante 30/40cm\n\n&nbsp;",48.0,,Cactus > Cereus,"https://www.atypic-cactus.com/wp-content/uploads/2020/06/IMG_0928.jpg, https://www.atypic-cactus.com/wp-content/uploads/2020/06/IMG_0929.jpg, https://www.atypic-cactus.com/wp-content/uploads/2020/06/IMG_0934.jpg",2025-06-06T08:12:49.074111,2025-06-06T08:12:49.074111
70758,Cycas Revoluta,"Le Cycas revoluta, appelé aussi sagoutier, sagou du Japon, cycas du Japon.\n\nTaille de la plante 1M50 avec des rejets, de superbe qualité\n\nSujet vendu en pot, bien enraciné, à venir chercher sur place",580.0,,Sujets exceptionnels,https://www.atypic-cactus.com/wp-content/uploads/2020/06/IMG_0964.jpg,2025-06-06T08:12:49.074111,2025-06-06T08:12:49.074111
70770,Trichocereus Bridegsii-Torche Bolivienne,"Bouture Trichocereus Bridgesii,\n\nAussi appelé Echinopsis Lageniformis ou torche bolivienne, originaire de Bolivie il a une croissance rapide et une floraison de grande fleur blanche.\n\nConsultez le <a href=""https://www.atypic-cactus.com/guide-de-rempotage-de-bouture-de-cactus/"">guide bouturage</a> dans la rubrique conseils\n\nTaille disponible 30/50cm",,,Boutures,https://www.atypic-cactus.com/wp-content/uploads/2020/06/IMG_0984.jpg,2025-06-06T08:12:49.074111,2025-06-06T08:12:49.074111
70772,Trichocereus Bridegsii-Torche Bolivienne - 50,,45.0,,,,2025-06-06T08:12:49.074111,2025-06-06T08:12:49.074111
70773,Trichocereus Bridegsii-Torche Bolivienne - 30,,25.0,,,,2025-06-06T08:12:49.074111,2025-06-06T08:12:49.074111
70779,Opuntia Robusta - 10,,60.0,,,,2025-06-06T08:12:49.074111,2025-06-06T08:12:49.074111
70780,Agave Striata,"Agave Striata\n\nOriginaire du Mexique, agave de taille adulte aux formes originales, idéal pour des réalisations extérieure,\n\nRésistance gel -12°, contrairement à la majorité des agaves la floraison n'entraîne pas la mort de la plante, elle ne rejette pas mais peut se bouturer facilement en séparant les rosettes d'un même plant\n\nPot 25 litres\n\n&nbsp;",68.0,,"Agaves et aloes > Agaves, Agaves et aloes","https://www.atypic-cactus.com/wp-content/uploads/2020/06/IMG_0980.jpg, https://www.atypic-cactus.com/wp-content/uploads/2020/06/IMG_0979.jpg",2025-06-06T08:12:49.074111,2025-06-06T08:12:49.074111
70800,Agave Americana Medio Picta Alba,"Agave Americana Medio Picta Alba\n\nAgave variegata de l'agave americana, de taille moyenne, plante parfaite pour les rocailles\n\nElle supporte des substrats différents, et il est inutile de l'arroser en pleine terre.\n\nRésistance froid -10°\n\nLivré en pot 25L",88.0,,Agaves et aloes > Agaves,"https://www.atypic-cactus.com/wp-content/uploads/2022/01/IMG_2077.jpg, https://www.atypic-cactus.com/wp-content/uploads/2022/01/IMG_2093.jpg",2025-06-06T08:12:49.074111,2025-06-06T08:12:49.074111
70817,Trichocereus Pachanoi en groupe - 70,,120.0,,,,2025-06-06T08:12:49.074111,2025-06-06T08:12:49.074111
70818,Trichocereus Pachanoi en groupe - 60,,98.0,,,,2025-06-06T08:12:49.074111,2025-06-06T08:12:49.074111
70819,Trichocereus Pachanoi en groupe - 50,,88.0,,,,2025-06-06T08:12:49.074111,2025-06-06T08:12:49.074111
70820,Trichocereus Pachanoi en groupe - 40,,68.0,,,,2025-06-06T08:12:49.074111,2025-06-06T08:12:49.074111
70911,Trichocereus Cuzcoensis,"Trichocereus Cuzcoensis avec bras\n\nSujet rare avec ramification, originaire de Cuzco, très ressemblant à trichocereus peruvianus,\n\nCouleur vert-bleu, pouvant atteindre plus de 3M, ramifié avec un ou deux bras ce qui est très rare pour cette taille\n\nTaille 80-100cm\n\nChoix: Avec ou Sans bras",,,"Cactus, Cactus > Trichocereus","https://www.atypic-cactus.com/wp-content/uploads/2020/10/IMG_1685.jpg, https://www.atypic-cactus.com/wp-content/uploads/2020/10/IMG_1539_01.jpg",2025-06-06T08:12:49.074111,2025-06-06T08:12:49.074111
70915,Trichocereus Bridgesii,"Trichocereus Bridgesii, très Rare\n\nAussi appelé Echinopsis Lageniformis ou torche bolivienne, originaire de Bolivie c'est un cactus colonnaire qui a une croissance rapide et une floraison de grande fleur blanche.\n\nTaille H 50 cm 2 cierges ou 3 cierges\n\nRésistance froid - 6°\n\nVendu et expédie en pot",,,"Cactus, Cactus > Trichocereus","https://www.atypic-cactus.com/wp-content/uploads/2020/11/IMG_1646.jpg, https://www.atypic-cactus.com/wp-content/uploads/2020/11/IMG_1644.jpg",2025-06-06T08:12:49.074111,2025-06-06T08:12:49.074111
70916,Trichocereus Bridgesii - 3,,110.0,,,,2025-06-06T08:12:49.074111,2025-06-06T08:12:49.074111
70917,Trichocereus Bridgesii - 2,,85.0,,,,2025-06-06T08:12:49.074111,2025-06-06T08:12:49.074111
70939,Pachycereus Pringlei Géant,"Pachycereus Pringlei Géant\n\nGrand Cactus Cierge pouvant atteindre 20M, le géant des cactus aimé pour sa couleur grise bleutée, et ses côtés noirs arborées d'épines.\n\nPlus sensible au gel que les Trichocereus mais résiste au température inférieure -5°/-6°. Le cactus incontournable dans les régions méditerranéennes.\n\nIdéal pour la décoration intérieure et extérieure. De taille adulte, il nécessite peu d'arrosage.\n\n&nbsp;",,,Sujets exceptionnels,"https://www.atypic-cactus.com/wp-content/uploads/2020/11/IMG_1804.jpg, https://www.atypic-cactus.com/wp-content/uploads/2020/11/IMG_1833_01.jpg",2025-06-06T08:12:49.074111,2025-06-06T08:12:49.074111
70943,Aloe Brevifolia grande coupe - 30,,48.0,,,,2025-06-06T08:12:49.074111,2025-06-06T08:12:49.074111
70944,Aloe Brevifolia grande coupe - 20,,28.0,,,,2025-06-06T08:12:49.074111,2025-06-06T08:12:49.074111
71098,Polaskia Chichipe - 50-60,,120.0,,,https://www.atypic-cactus.com/wp-content/uploads/2021/03/IMG_2635.jpg,2025-06-06T08:12:49.074111,2025-06-06T08:12:49.074111
71145,Opuntia Ficus Indica,"Opuntia Ficus Indica\n\nAppelé aussi figue de Barbarie, très ornemental dans les rocailles et peu épineux,\n\nTrès apprécié pour ses qualités gustatives et nutritionnelles, les fruits orangés ainsi que les cladodes (raquette) représentent selon l'ONU ""un aliment d'avenir"".\n\nRésistance à la sècheresse et au froid -8°\n\nVendu en pot\n\nHauteur plante disponible 60/80cm",,,"Cactus, Cactus > Opuntia","https://www.atypic-cactus.com/wp-content/uploads/2021/04/IMG_1669.jpg, https://www.atypic-cactus.com/wp-content/uploads/2021/04/IMG_3211.jpg, https://www.atypic-cactus.com/wp-content/uploads/2021/04/IMG_3210.jpg",2025-06-06T08:12:49.074111,2025-06-06T08:12:49.074111
71165,Trichocereus Validus,Trichocereus Validus\n\n<strong>Qualité Premium</strong>\n\nTrois Tailles disponibles 70cm/80cm/90cm\n\nRésistance gel -12 °\n\nVendu en pot\n\n&nbsp;,,,"Cactus, Cactus > Trichocereus","https://www.atypic-cactus.com/wp-content/uploads/2023/09/IMG_3359.jpg, https://www.atypic-cactus.com/wp-content/uploads/2023/09/IMG_3358.jpg, https://www.atypic-cactus.com/wp-content/uploads/2023/09/IMG_3360.jpg",2025-06-06T08:12:49.074111,2025-06-06T08:12:49.074111
71194,Trichocereus Cuzcoensis - Bras,,148.0,,,,2025-06-06T08:12:49.074111,2025-06-06T08:12:49.074111
71195,Trichocereus Cuzcoensis - Sans bras,,98.0,,,,2025-06-06T08:12:49.074111,2025-06-06T08:12:49.074111
71196,Dasylirion Longissimum,Dasylirion Longissimum\n\nDasylirion à longue feuille non piquante de qualité exceptionnelle\n\nRésistance au froid -15°\n\nDisponible en trois tailles C25 C35 C 65,,,"Dasylirions, Yuccas",https://www.atypic-cactus.com/wp-content/uploads/2021/06/IMG_2637.jpg,2025-06-06T08:12:49.074111,2025-06-06T08:12:49.074111
71197,Dasylirion Longissimum - C35,,250.0,,,,2025-06-06T08:12:49.074111,2025-06-06T08:12:49.074111
71198,Dasylirion Longissimum - C45,,380.0,,,,2025-06-06T08:12:49.074111,2025-06-06T08:12:49.074111
71281,Grand trichocereus pachanoi en groupe,"<div class=""woocommerce-product-details__short-description"">\n\nTrichocereus Pachanoi en groupe  de deux bras, cactus colonnaire à croissance rapide originaire des Andes péruviennes entre 2000 et 3 000 m d’altitude appelé “San Pedro”, très résistant au gel -7° et à la sècheresse, il peut atteindre plus de 6 mètres et se ramifie en plusieurs branches. Ce cactus possède une croissance rapide s’il est arrosé l’été. Les trichocereus sont les cactus à planter absolument sous nos latitudes !\n\nFloraison exceptionnelle de fleur blanche durant le mois de juin\n\nDeux grandes tailles disponibles 1m30/1m40\n\nHauteur plante en cm / Vendu en pot\n\nLivraison à domicile\n\n</div>",,,"Cactus, Sujets exceptionnels, Cactus > Trichocereus",https://www.atypic-cactus.com/wp-content/uploads/2021/09/IMG_3340.jpg,2025-06-06T08:12:49.074111,2025-06-06T08:12:49.074111
71282,Grand trichocereus pachanoi en groupe - 1M40,,320.0,,,,2025-06-06T08:12:49.074111,2025-06-06T08:12:49.074111
71283,Grand trichocereus pachanoi en groupe - 1M30,,280.0,,,,2025-06-06T08:12:49.074111,2025-06-06T08:12:49.074111
71379,Opuntia Anacantha,"Opuntia Anacantha\n\nOriginaire de Bolivie, cet opuntia d'un vert lumineux est très intéressant pour sa résistance au gel <strong>-12°</strong> en sol sec.\n\nPlanté en talus ou dans un sol drainant, il est très apprécié par le fait qu'il soit dépourvu d'épines.\n\nIl peut monter jusqu'à 1M70, très arbustif.\n\nPlante vendu en pot de 10L, très ramifié.\n\nHauteur plante 50/60 cm\n\n&nbsp;",78.0,,Cactus > Opuntia,"https://www.atypic-cactus.com/wp-content/uploads/2021/12/IMG_3212.jpg, https://www.atypic-cactus.com/wp-content/uploads/2021/12/IMG_3337.jpg",2025-06-06T08:12:49.074111,2025-06-06T08:12:49.074111
71468,Yucca rostrata Blue Swan - 200,,1100.0,,,,2025-06-06T08:12:49.074111,2025-06-06T08:12:49.074111
71479,Dasylirion Longissimum - C25,,180.0,,,,2025-06-06T08:12:49.074111,2025-06-06T08:12:49.074111
71485,Cleistocactus Straussi - 60,,78.0,,,,2025-06-06T08:12:49.074111,2025-06-06T08:12:49.074111
71516,"Stenocereus Marginatus V. Cristata ""rare""","Stenocereus Marginatus V. Cristata <strong>""RARE"" en pot</strong>\n\nCactus Cristé de collection très belle qualité de cristation, idéal pour une décoration intérieure\n\nRésistance -2°, substrat drainant, exposition soleil mi-ombre,\n\nVendu dans un pot en grès 25 cm rempoté dans du terreau cactus",120.0,,Sujets exceptionnels,"https://www.atypic-cactus.com/wp-content/uploads/2023/02/IMG_E6366.jpg, https://www.atypic-cactus.com/wp-content/uploads/2023/02/IMG_6354.jpg, https://www.atypic-cactus.com/wp-content/uploads/2023/02/IMG_6331.jpg, https://www.atypic-cactus.com/wp-content/uploads/2023/02/IMG_6446.jpg",2025-06-06T08:12:49.074111,2025-06-06T08:12:49.074111
71535,Pachycereus Pringlei - Double Cierge,,108.0,,,,2025-06-06T08:12:49.074111,2025-06-06T08:12:49.074111
71536,Pachycereus Pringlei - Simple Cierge,,88.0,,,,2025-06-06T08:12:49.074111,2025-06-06T08:12:49.074111
71538,Agave Asperrima,"Agave Asperrima\n\nAgave appelé aussi agave scabra, originaire du nord du Mexique dans le désert du Chihuahua\n\nGros Agave idéal pour les jardins d'extérieurs, préparer un sol drainant ou en talus\n\nRésistance -15°\n\nVendu en pot 35-40Litres",220.0,,"Agaves et aloes > Agaves, Agaves et aloes","https://www.atypic-cactus.com/wp-content/uploads/2022/04/IMG_4123.jpg, https://www.atypic-cactus.com/wp-content/uploads/2022/04/IMG_4125_01.jpg",2025-06-06T08:12:49.074111,2025-06-06T08:12:49.074111
71543,Oreocereus Celsianus,"Oreocereus Celsianus\n\nCactus cierge du nord de l'Argentine, Pérou,\n\nTrès apprécié pour ses longues soies blanches, appelé aussi le vieil homme des Andes\n\nSensible à l'humidité mais résistant au froid -7°\n\nHauteur plante 40/50cm\n\nVendu en pot",148.0,,"Cactus, Cactus > Cereus","https://www.atypic-cactus.com/wp-content/uploads/2022/04/IMG_1420.jpg, https://www.atypic-cactus.com/wp-content/uploads/2022/04/IMG_1421.jpg",2025-06-06T08:12:49.074111,2025-06-06T08:12:49.074111
71608,Echinocereus coccineus,"Echinocereus coccineus\n\nCactus à floraison exceptionnelle, fleurs rouge tirant sur l'orange\n\nOriginaire du nord du Mexique, et Sud des USA, ce cactus pousse en touffe pouvant atteindre 40cm de hauteur,\n\nPlantation dans un sol drainant, très résistant au froid - 12°,\n\nVendu en pot de 7 Litres\n\n&nbsp;",58.0,,Cactus,"https://www.atypic-cactus.com/wp-content/uploads/2022/05/IMG_4497.jpg, https://www.atypic-cactus.com/wp-content/uploads/2022/05/IMG_4441.jpg, https://www.atypic-cactus.com/wp-content/uploads/2022/05/IMG_4476.jpg, https://www.atypic-cactus.com/wp-content/uploads/2022/05/IMG_4498.jpg",2025-06-06T08:12:49.074111,2025-06-06T08:12:49.074111
71688,Agave Geminiflora,"Agave Geminiflora\n\nAgave originaire du Mexique, très rustique et apprécié pour son port hémisphérique\n\nFeuilles fines, souples et peu piquantes\n\nRésistance au froid -10°\n\nLargeur plante 50cm\n\nPot 25L",98.0,,Agaves et aloes > Agaves,"https://www.atypic-cactus.com/wp-content/uploads/2022/07/IMG_2092.jpg, https://www.atypic-cactus.com/wp-content/uploads/2022/07/IMG_2091.jpg, https://www.atypic-cactus.com/wp-content/uploads/2022/07/IMG_2090.jpg",2025-06-06T08:12:49.074111,2025-06-06T08:12:49.074111
71691,Ferocactus Horridus - 30,,75.0,,,,2025-06-06T08:12:49.074111,2025-06-06T08:12:49.074111
71713,Vatricania Guentheri - 90cm,,138.0,,,,2025-06-06T08:12:49.074111,2025-06-06T08:12:49.074111
71718,Trichocereus Echinopsis Pachanoi - 80,,78.0,,,,2025-06-06T08:12:49.074111,2025-06-06T08:12:49.074111
71721,Trichocereus Echinopsis Pachanoi - 70,,70.0,,,,2025-06-06T08:12:49.074111,2025-06-06T08:12:49.074111
71723,Cereus Peruvianus Monstruosus - 50,,88.0,,,,2025-06-06T08:12:49.074111,2025-06-06T08:12:49.074111
71724,Cereus Peruvianus Monstruosus - 80,,220.0,,,,2025-06-06T08:12:49.074111,2025-06-06T08:12:49.074111
71728,Opuntia Robusta,"Opuntia Robusta\n\nAussi appelé Opuntia Belen, originaire du Mexique, très rustique - 15°\n\nFleur jaune aux feuilles géantes pouvant atteindre 40CM de diamètre, leurs fruits énormes sont très appréciés en Californie\n\nTaille 40-50cm\n\nPot 12L",68.0,,"Cactus, Cactus > Opuntia",https://www.atypic-cactus.com/wp-content/uploads/2022/08/IMG_4625.jpg,2025-06-06T08:12:49.074111,2025-06-06T08:12:49.074111
71786,Echinocactus Grusonii - 60,,490.0,,,,2025-06-06T08:12:49.074111,2025-06-06T08:12:49.074111
71789,Stetsonia Coryne,"Stetsonia Coryne\n\nOriginaire des déserts d'Argentine, Bolivie  et Paraguay\n\nCierge arborescent bleu-vert, pouvant atteindre 9 mètres\n\nCultivable à l'intérieur et à l'extérieur, Résistance au gel -4°\n\nQualité supérieur avec plusieurs bras\n\nTaille 60/70cm",88.0,,"Cactus, Cactus > Cereus","https://www.atypic-cactus.com/wp-content/uploads/2022/10/IMG_E4783.jpg, https://www.atypic-cactus.com/wp-content/uploads/2022/10/IMG_E5037.jpg",2025-06-06T08:12:49.074111,2025-06-06T08:12:49.074111
71838,Yucca rostrata Blue Swan - 230,,1500.0,,,,2025-06-06T08:12:49.074111,2025-06-06T08:12:49.074111
71855,Agave Ovatifolia,"Agave Ovatifolia\n\nOriginaire du Nord-est du Mexique, cette espèce pousse en altitude entre 1100 et 2100 M,\n\nTrès résistante au froid et à l'humidité - 15°, pouvant atteindre de 2M d'envergure,\n\nCroissance assez rapide, à planter dans un sol drainant.",98.0,,"Agaves et aloes > Agaves, Agaves et aloes","https://www.atypic-cactus.com/wp-content/uploads/2023/01/IMG_E5459.jpg, https://www.atypic-cactus.com/wp-content/uploads/2023/01/IMG_E5351.jpg",2025-06-06T08:12:49.074111,2025-06-06T08:12:49.074111
71914,Agave Montana,"Agave Montana\n\nOriginaire du nord-est Mexique, Poussant entre 2000 et 3000 mètres\n\nAgave Rare et très résistante au froid - 20 degrés,\n\nPlante idéale pour les zones de France les plus froides.",98.0,,"Agaves et aloes > Agaves, Agaves et aloes","https://www.atypic-cactus.com/wp-content/uploads/2023/02/IMG_E0388-scaled.jpg, https://www.atypic-cactus.com/wp-content/uploads/2023/02/IMG_E5448.jpg, https://www.atypic-cactus.com/wp-content/uploads/2023/02/IMG_E0389-scaled.jpg",2025-06-06T08:12:49.074111,2025-06-06T08:12:49.074111
71918,Ferocactus Pottsii,"Ferocactus Pottsii\n\nOriginaire du Nord du Mexique,\n\nFerocactus rare de cette taille et peu épineux\n\nFloraison Jaune\n\nRésitance au froid -4°",,,"Cactus, Cactus > Ferocactus","https://www.atypic-cactus.com/wp-content/uploads/2023/02/IMG_E0386-scaled.jpg, https://www.atypic-cactus.com/wp-content/uploads/2023/02/IMG_E0395-scaled.jpg, https://www.atypic-cactus.com/wp-content/uploads/2023/02/IMG_E0394-scaled.jpg",2025-06-06T08:12:49.074111,2025-06-06T08:12:49.074111
71919,Ferocactus Pottsii - 50,,280.0,,,,2025-06-06T08:12:49.074111,2025-06-06T08:12:49.074111
71920,Ferocactus Pottsii - 40,,180.0,,,,2025-06-06T08:12:49.074111,2025-06-06T08:12:49.074111
71921,Ferocactus Pottsii - 30,,95.0,,,,2025-06-06T08:12:49.074111,2025-06-06T08:12:49.074111
71931,Cleistocactus Straussi - 75,,128.0,,,,2025-06-06T08:12:49.074111,2025-06-06T08:12:49.074111
72005,Agave Potatorum,"Agave potatorum f. verschaffeltii\n\nCette sous espèce de la Potatorum possède des feuilles plus longues, elle est très appréciée pour sa rosette,\n\nRésistant au froid -8°, idéal pour la plantation en extérieur,\n\nVendu en pot C30-15L",128.0,,"Agaves et aloes > Agaves, Agaves et aloes","https://www.atypic-cactus.com/wp-content/uploads/2023/05/IMG_1374.jpg, https://www.atypic-cactus.com/wp-content/uploads/2023/05/IMG_1373.jpg, https://www.atypic-cactus.com/wp-content/uploads/2023/05/IMG_1371_01.jpg",2025-06-06T08:12:49.074111,2025-06-06T08:12:49.074111
72012,Trichocereus Echinopsis Pachanoi - 60,,60.0,,,,2025-06-06T08:12:49.074111,2025-06-06T08:12:49.074111
72013,Trichocereus Pachanoi en groupe (Copie),"Trichocereus Pachanoi en groupe 2 bras\n\nOrigine : Pérou, Bolivie\nRésistance au froid: -8°/-10°\n\nDifférentes tailles disponible 40/50/60/70cm (Hors pot)\n\nCactus vendu en pot, idéal pour l'extérieur et intérieur",,,"Cactus, Cactus > Trichocereus","https://www.atypic-cactus.com/wp-content/uploads/2020/06/IMG_0958.jpg, https://www.atypic-cactus.com/wp-content/uploads/2018/11/IMG_3574.jpg",2025-06-06T08:12:49.074111,2025-06-06T08:12:49.074111
72014,Trichocereus Pachanoi en groupe (Copie) - 40,,68.0,,,,2025-06-06T08:12:49.074111,2025-06-06T08:12:49.074111
72015,Trichocereus Pachanoi en groupe (Copie) - 50,,88.0,,,,2025-06-06T08:12:49.074111,2025-06-06T08:12:49.074111
72016,Trichocereus Pachanoi en groupe (Copie) - 60,,98.0,,,,2025-06-06T08:12:49.074111,2025-06-06T08:12:49.074111
72017,Trichocereus Pachanoi en groupe (Copie) - 70,,120.0,,,,2025-06-06T08:12:49.074111,2025-06-06T08:12:49.074111
72021,Opuntia Macrocentra Violacea,"Opuntia Macrocentra Violacea\n\nOriginaire du Nord du Mexique, et des haut-plateaux d’Arizona, du Nouveau-Mexique et du Texas, poussant à une altitude de 1000 à 1700 m\n\nIdéale pour tout type de climat, ne dépasse pas 1M\n\nTrès appréciée pour le violet vif de ses raquettes,\n\nRésistance à la neige et au gel -23°\n\nHauteur plante 30/40 cm\n\nVendu en Pot",78.0,,Cactus > Opuntia,"https://www.atypic-cactus.com/wp-content/uploads/2023/05/IMG_1424-scaled.jpg, https://www.atypic-cactus.com/wp-content/uploads/2023/05/IMG_1425-scaled.jpg",2025-06-06T08:12:49.074111,2025-06-06T08:12:49.074111
72095,Pachycereus Pringlei Groupe - 130,,880.0,,,,2025-06-06T08:12:49.074111,2025-06-06T08:12:49.074111
72096,Pachycereus Pringlei Groupe - 170,,1280.0,,,,2025-06-06T08:12:49.074111,2025-06-06T08:12:49.074111
72097,Pachycereus Pringlei Groupe - 200,,1580.0,,,,2025-06-06T08:12:49.074111,2025-06-06T08:12:49.074111
72106,Opuntia Titania,"Opuntia Titania\n\nOpuntia sans épines, idéale pour les plantations en extérieur et intérieure\n\nrésistance froid - 10°\n\nVendu en Pot\n\nLivraison transporteur",,,"Cactus, Cactus > Opuntia","https://www.atypic-cactus.com/wp-content/uploads/2024/09/IMG_6264_01.jpg, https://www.atypic-cactus.com/wp-content/uploads/2024/09/IMG_2800.jpg, https://www.atypic-cactus.com/wp-content/uploads/2023/08/IMG_2012.jpg, https://www.atypic-cactus.com/wp-content/uploads/2024/09/IMG_6249.jpg, https://www.atypic-cactus.com/wp-content/uploads/2024/09/IMG_6288_01.jpg",2025-06-06T08:12:49.074111,2025-06-06T08:12:49.074111
72166,Trichocereus Echinopsis Pachanoi - 90,,88.0,,,,2025-06-06T08:12:49.074111,2025-06-06T08:12:49.074111
72253,Opuntia Leucotricha,"Opuntia Leucotricha\n\nOriginaire du centre nord du Mexique\n\nEpines blanches et belle floraison jaune, pouvant atteindre 5 mètres de haut\n\nParfait pour vos plantations extérieures, en pot ou en pleine terre pouvant constituer des barrières végétales\n\nTrès résistant aux grands froids -15°\n\nTaille hors pot 50/60 cm\n\nVendu en pot 10L",68.0,,"Cactus, Cactus > Opuntia","https://www.atypic-cactus.com/wp-content/uploads/2024/01/IMG_2171.jpg, https://www.atypic-cactus.com/wp-content/uploads/2024/01/IMG_2170.jpg",2025-06-06T08:12:49.074111,2025-06-06T08:12:49.074111
72306,Euphorbe ingens,"Cactus Euphorbe Ingens\n\nSuperbe cactus candélabre sans épines,  originaire d'Afrique du Sud\n\nIdéal pour l'intérieur ou pour l'extérieur en terrasse ou véranda,\n\nFacile d'entretien et économique en eau\n\nVendu en pot\n\nTaille dispo <strong>70/80-90/100 -140</strong>",,,"Cactus, Cactus > Euphorbe","https://www.atypic-cactus.com/wp-content/uploads/2018/11/IMG_2765.jpg, https://www.atypic-cactus.com/wp-content/uploads/2018/11/IMG_2766.jpg",2025-06-06T08:12:49.074111,2025-06-06T08:12:49.074111
72308,Euphorbe ingens - 110,,,,,,2025-06-06T08:12:49.074111,2025-06-06T08:12:49.074111
72352,Dasylirion Longissimum - C65,,580.0,,,,2025-06-06T08:12:49.074111,2025-06-06T08:12:49.074111
72421,Opuntia microdasys albispina,"<strong>Opuntia Microdasys Albispina</strong>\n\nOpuntia très graphique, pouvant atteindre 1M de haut\n\nIdéal pour les plantations en rocaille, floraison jaune\n\nTrès résistante au froid -12°\n\nHauteur plante 40 cm\n\nVendu en pot de 10L",78.0,,"Cactus, Cactus > Opuntia",https://www.atypic-cactus.com/wp-content/uploads/2024/06/IMG_3377.jpg,2025-06-06T08:12:49.074111,2025-06-06T08:12:49.074111
72429,Lot de 2 Opuntia Violacea Santa Rita,"<strong>Lot de 2 opuntia Santa rita</strong>\n\nMaginfique opuntia aux raquettes violettes durant l'hiver et l'été,\n\nOpuntia arbusif ne dépassant pas 1M à la floraison abondante\n\nTrès résistant au froid -20°, il peut se planter partout en France\n\nHauteur plante 30cm",76.0,,"Cactus, Cactus > Opuntia","https://www.atypic-cactus.com/wp-content/uploads/2024/06/IMG_4859.jpg, https://www.atypic-cactus.com/wp-content/uploads/2024/06/IMG_4850.jpg, https://www.atypic-cactus.com/wp-content/uploads/2024/06/IMG_4851.jpg",2025-06-06T08:12:49.074111,2025-06-06T08:12:49.074111
72448,Trichocereus Validus - 70,,180.0,,,,2025-06-06T08:12:49.074111,2025-06-06T08:12:49.074111
72449,Trichocereus Validus - 80,,220.0,,,,2025-06-06T08:12:49.074111,2025-06-06T08:12:49.074111
72450,Trichocereus Validus - 90,,240.0,,,,2025-06-06T08:12:49.074111,2025-06-06T08:12:49.074111
72480,Opuntia Ficus Indica - 60,,68.0,,,,2025-06-06T08:12:49.074111,2025-06-06T08:12:49.074111
72481,Opuntia Ficus Indica - 80,,98.0,,,,2025-06-06T08:12:49.074111,2025-06-06T08:12:49.074111
72484,Opuntia Engelmanni Rastrera,Opuntia Engelmanni Rastrera\n\nOpuntia résistant à - 20 ° idéal pour les plantations extérieures dans toute la France\n\nhauteur plante 40/50 cm,98.0,,"Cactus, Cactus > Opuntia","https://www.atypic-cactus.com/wp-content/uploads/2024/08/IMG_4827_01.jpg, https://www.atypic-cactus.com/wp-content/uploads/2024/08/IMG_4834_01.jpg, https://www.atypic-cactus.com/wp-content/uploads/2024/08/IMG_4829.jpg",2025-06-06T08:12:49.074111,2025-06-06T08:12:49.074111
72493,Yucca Filifera Australis - 120,,280.0,,,,2025-06-06T08:12:49.074111,2025-06-06T08:12:49.074111
72508,Opuntia Ficus Indica grande taille,"Opuntia Ficus Indica\n\nAppelé aussi figue de Barbarie, très ornemental dans les rocailles et peu épineux,\n\nTrès apprécié pour ses qualités gustatives et nutritionnelles, les fruits orangés ainsi que les cladodes (raquette) représentent selon l’ONU “un aliment d’avenir”.\n\nRésistance à la sècheresse et au froid -8°\n\nVendu en pot",148.0,,"Cactus > Opuntia, Sujets exceptionnels","https://www.atypic-cactus.com/wp-content/uploads/2024/09/IMG_4862.jpg, https://www.atypic-cactus.com/wp-content/uploads/2024/09/IMG_4861.jpg",2025-06-06T08:12:49.074111,2025-06-06T08:12:49.074111
72513,Opuntia Titania - 50-60,,88.0,,,,2025-06-06T08:12:49.074111,2025-06-06T08:12:49.074111
72514,Opuntia Titania - 100,,240.0,,,,2025-06-06T08:12:49.074111,2025-06-06T08:12:49.074111
72515,Opuntia Scheerii de grande taille,"Opuntia Scheerii de grande taille\n\nIdéal pour la plantation en pleine terre dans toute la France, la variété d'opuntia incontournable pour le jardin sec\n\nGrandes raquettes aux aiguillons jaune vif\n\nRésistance au froid -18°\n\nTaille 80/100cm\n\nVendu en Pot 35L",178.0,,"Cactus > Opuntia, Sujets exceptionnels",https://www.atypic-cactus.com/wp-content/uploads/2024/09/IMG_4860.jpg,2025-06-06T08:12:49.074111,2025-06-06T08:12:49.074111
72521,Opuntia Santa Rita,Opuntia Santa Rita,1.0,,Cactus,,2025-06-06T08:12:49.074111,2025-06-06T08:12:49.074111
72531,Trichocereus Pasacana Costena Hybride,"Trichocereus Pasacana Costena hybride semi-inermis Unique\n\n<strong>Exclusivité chez Atypic Cactus produit par nos soins</strong>\n\nCactus rare et unique, un hybride, semi-inermis qui pousse fort, idéal pour les plantations extérieures.\n\nCe cactus d'un vert intense a une croissance rapide en pleine terre, et <strong>possède très peu d'épines</strong>. Il perd ses épines en grandissant.\n\nFloraison spectaculaire au mois de juin et juillet\n\nRésistance -15°\n\nHauteur sans 40cm",118.0,,"Cactus, Sujets exceptionnels, Cactus > Trichocereus","https://www.atypic-cactus.com/wp-content/uploads/2024/10/IMG_4969_01.jpg, https://www.atypic-cactus.com/wp-content/uploads/2024/10/IMG_4966_01.jpg, https://www.atypic-cactus.com/wp-content/uploads/2024/10/IMG_4967_01.jpg",2025-06-06T08:12:49.074111,2025-06-06T08:12:49.074111
72596,Yucca Torreyi,"Yucca originaire du nord-est du Mexique, très proche du yucca baccata,\n\nTrès apprécié pour ses longues feuilles, et son port insolite, pouvant atteindre 4/5M\n\nTrès résistant au froid -15°\n\nTaille hors du pot 80/100cm",148.0,,Yuccas,"https://www.atypic-cactus.com/wp-content/uploads/2025/01/IMG_4524_02.jpg, https://www.atypic-cactus.com/wp-content/uploads/2025/01/IMG_4525_01.jpg",2025-06-06T08:12:49.074111,2025-06-06T08:12:49.074111
72617,Euphorbe ingens - 70-80,,98.0,,,,2025-06-06T08:12:49.074111,2025-06-06T08:12:49.074111
72618,Euphorbe ingens - 90-100,,128.0,,,,2025-06-06T08:12:49.074111,2025-06-06T08:12:49.074111
72619,Euphorbe ingens - 140,,380.0,,,,2025-06-06T08:12:49.074111,2025-06-06T08:12:49.074111
72622,Polaskia Chichipe - 90,,220.0,,,,2025-06-06T08:12:49.074111,2025-06-06T08:12:49.074111
72623,Polaskia Chichipe - 100,,320.0,,,,2025-06-06T08:12:49.074111,2025-06-06T08:12:49.074111
72624,Polaskia Chichipe - 110,,420.0,,,,2025-06-06T08:12:49.074111,2025-06-06T08:12:49.074111
72625,Vatricania Guentheri - 1M30,,320.0,,,,2025-06-06T08:12:49.074111,2025-06-06T08:12:49.074111
72626,Vatricania Guentheri - 1M70,,680.0,,,,2025-06-06T08:12:49.074111,2025-06-06T08:12:49.074111
72635,Echinocactus grusonii intermedius - 25,,75.0,,,,2025-06-06T08:12:49.074111,2025-06-06T08:12:49.074111
72636,Echinocactus grusonii intermedius - 30,,95.0,,,,2025-06-06T08:12:49.074111,2025-06-06T08:12:49.074111
72650,Cleistocactus Straussi - 160,,450.0,,,,2025-06-06T08:12:49.074111,2025-06-06T08:12:49.074111
72667,Myrtillocactus geometrizans Cristata,"<strong>Cactus rare et très graphique</strong>, en raison de sa cristation qui donne une forme unique pour chaque cactus\n\nIdéal pour une décoration intérieure d'un bleu intense et aux formes surprenantes ressemblant au corail,\n\nArrosage : 1 fois pour mois l'hiver, et tous les 15 jours durant l'été,\n\nHauteur plante sans pot 50/60 cm\n\nRésistance au froid : -4°",,,Sujets exceptionnels,"https://www.atypic-cactus.com/wp-content/uploads/2025/03/IMG_6457.jpg, https://www.atypic-cactus.com/wp-content/uploads/2025/03/IMG_6165.jpg, https://www.atypic-cactus.com/wp-content/uploads/2025/03/IMG_6164.jpg, https://www.atypic-cactus.com/wp-content/uploads/2025/03/IMG_6448.jpg, https://www.atypic-cactus.com/wp-content/uploads/2025/03/IMG_6357.jpg",2025-06-06T08:12:49.074111,2025-06-06T08:12:49.074111
72672,Opuntia Titania - 120,,300.0,,,,2025-06-06T08:12:49.074111,2025-06-06T08:12:49.074111
72673,Opuntia Titania - 130,,450.0,,,,2025-06-06T08:12:49.074111,2025-06-06T08:12:49.074111
72742,Myrtillocactus geometrizans Cristata - Pot en plastique,,180.0,,,,2025-06-06T08:12:49.074111,2025-06-06T08:12:49.074111
72743,Myrtillocactus geometrizans Cristata - Pot en grès,,240.0,,,,2025-06-06T08:12:49.074111,2025-06-06T08:12:49.074111
72748,Euphorbia lactea cristata,"Euphorbia Lactea Cristata\n\nEuphorbe de collection de taille rare 30 cm\n\nIdéale pour une décoration intérieure d'exception,\n\nTaille plante 30 cm\n\nDisponible en pot en plastique ou pot en grès de haute qualité",,,Sujets exceptionnels,"https://www.atypic-cactus.com/wp-content/uploads/2025/04/IMG_6370_01.jpg, https://www.atypic-cactus.com/wp-content/uploads/2025/04/IMG_6439.jpg, https://www.atypic-cactus.com/wp-content/uploads/2025/04/IMG_6298.jpg, https://www.atypic-cactus.com/wp-content/uploads/2025/04/IMG_6297.jpg",2025-06-06T08:12:49.074111,2025-06-06T08:12:49.074111
72749,Euphorbia lactea cristata - Pot en plastique,,98.0,,,,2025-06-06T08:12:49.074111,2025-06-06T08:12:49.074111
72750,Euphorbia lactea cristata - Pot en grès,,160.0,,,,2025-06-06T08:12:49.074111,2025-06-06T08:12:49.074111
72799,Yucca Desmetiana - 90,,168.0,,,,2025-06-06T08:12:49.074111,2025-06-06T08:12:49.074111
72800,Yucca Desmetiana - 110,,195.0,,,,2025-06-06T08:12:49.074111,2025-06-06T08:12:49.074111
72803,Trichocereus Pachanoi en groupe - 80,,158.0,,,,2025-06-06T08:12:49.074111,2025-06-06T08:12:49.074111
72810,Trichocereus Spachianus - 60,,68.0,,,,2025-06-06T08:12:49.074111,2025-06-06T08:12:49.074111
